filename,xmin,ymin,xmax,ymax
doc/fish-bike.jpg,33,1,288,323
doc/fish-bike.jpg,193,1,448,323
doc/fish-bike.jpg,193,1,448,256
doc/fish-bike.jpg,1,65,481,320
doc/fish-bike.jpg,1,1,481,323
doc/fish-bike.jpg,33,1,288,256
doc/fish-bike.jpg,209,33,336,288
doc/fish-bike.jpg,209,1,336,323
doc/fish-bike.jpg,257,1,384,256
doc/fish-bike.jpg,257,1,384,323
doc/fish-bike.jpg,129,1,256,323
doc/fish-bike.jpg,49,1,176,323
doc/fish-bike.jpg,1,129,481,256
doc/fish-bike.jpg,81,1,208,256
doc/fish-bike.jpg,161,65,288,320
doc/fish-bike.jpg,353,1,480,256
doc/fish-bike.jpg,33,1,160,256
doc/fish-bike.jpg,305,1,432,256
doc/fish-bike.jpg,129,129,384,256
doc/fish-bike.jpg,193,65,320,192
doc/fish-bike.jpg,225,113,352,240
doc/fish-bike.jpg,305,1,432,323
doc/fish-bike.jpg,193,33,448,160
doc/fish-bike.jpg,161,81,416,208
doc/fish-bike.jpg,33,129,288,256
doc/fish-bike.jpg,65,1,320,128
doc/fish-bike.jpg,1,17,481,144
doc/fish-bike.jpg,161,129,288,256
doc/fish-bike.jpg,33,193,288,320
doc/fish-bike.jpg,225,17,352,144
doc/fish-bike.jpg,353,1,480,323
doc/fish-bike.jpg,225,129,480,256
doc/fish-bike.jpg,1,1,128,323
doc/fish-bike.jpg,273,17,400,144
doc/fish-bike.jpg,33,65,288,192
doc/fish-bike.jpg,145,81,272,208
doc/fish-bike.jpg,265,1,328,256
doc/fish-bike.jpg,273,113,400,240
doc/fish-bike.jpg,233,33,296,160
doc/fish-bike.jpg,177,17,304,144
doc/fish-bike.jpg,113,145,240,272
doc/fish-bike.jpg,129,1,256,128
doc/fish-bike.jpg,65,145,192,272
doc/fish-bike.jpg,265,97,328,224
doc/fish-bike.jpg,241,65,368,192
doc/fish-bike.jpg,193,193,448,320
doc/fish-bike.jpg,321,145,448,272
doc/fish-bike.jpg,145,193,272,320
doc/fish-bike.jpg,1,81,481,208
doc/fish-bike.jpg,241,81,304,208
doc/fish-bike.jpg,273,17,336,144
doc/fish-bike.jpg,241,1,304,256
doc/fish-bike.jpg,65,193,192,320
doc/fish-bike.jpg,17,1,144,128
doc/fish-bike.jpg,201,65,264,192
doc/fish-bike.jpg,217,1,280,256
doc/fish-bike.jpg,1,177,481,304
doc/fish-bike.jpg,1,177,128,304
doc/fish-bike.jpg,185,65,248,320
doc/fish-bike.jpg,169,113,232,240
doc/fish-bike.jpg,225,145,288,272
doc/fish-bike.jpg,129,177,192,304
doc/fish-bike.jpg,193,97,320,160
doc/fish-bike.jpg,193,113,256,240
doc/fish-bike.jpg,161,137,288,200
doc/fish-bike.jpg,289,113,352,240
doc/fish-bike.jpg,1,129,128,256
doc/fish-bike.jpg,265,1,328,64
doc/fish-bike.jpg,233,41,296,104
doc/fish-bike.jpg,289,1,352,256
doc/fish-bike.jpg,153,257,216,320
doc/fish-bike.jpg,273,193,400,320
doc/fish-bike.jpg,257,105,320,168
doc/fish-bike.jpg,209,161,336,288
doc/fish-bike.jpg,225,137,352,200
doc/fish-bike.jpg,89,1,152,256
doc/fish-bike.jpg,209,17,272,144
doc/fish-bike.jpg,225,41,352,104
doc/fish-bike.jpg,97,257,224,320
doc/fish-bike.jpg,129,217,192,280
doc/fish-bike.jpg,177,241,304,304
doc/fish-bike.jpg,177,257,240,320
doc/fish-bike.jpg,153,233,216,296
doc/fish-bike.jpg,201,113,264,176
doc/fish-bike.jpg,257,9,384,72
doc/fish-bike.jpg,209,233,272,296
doc/fish-bike.jpg,113,1,176,256
doc/fish-bike.jpg,233,17,296,80
doc/fish-bike.jpg,129,257,192,320
doc/fish-bike.jpg,177,177,240,304
doc/fish-bike.jpg,273,41,336,104
doc/fish-bike.jpg,297,33,360,160
doc/fish-bike.jpg,193,73,320,136
doc/fish-bike.jpg,265,145,328,272
doc/fish-bike.jpg,225,137,288,200
doc/fish-bike.jpg,161,137,224,200
doc/fish-bike.jpg,177,1,240,128
doc/fish-bike.jpg,145,129,208,256
doc/fish-bike.jpg,209,193,272,320
doc/fish-bike.jpg,257,193,320,320
doc/fish-bike.jpg,281,137,344,200
doc/fish-bike.jpg,121,129,184,256
doc/fish-bike.jpg,257,129,320,192
doc/fish-bike.jpg,353,1,480,128
doc/fish-bike.jpg,129,233,256,296
doc/fish-bike.jpg,401,1,464,256
doc/fish-bike.jpg,361,1,424,256
doc/fish-bike.jpg,241,113,368,176
doc/fish-bike.jpg,89,161,152,288
doc/fish-bike.jpg,185,233,248,296
doc/fish-bike.jpg,17,1,80,256
doc/fish-bike.jpg,65,1,192,128
doc/fish-bike.jpg,217,73,280,136
doc/fish-bike.jpg,257,249,320,312
doc/fish-bike.jpg,177,33,304,96
doc/fish-bike.jpg,65,1,128,256
doc/fish-bike.jpg,113,145,240,208
doc/fish-bike.jpg,145,113,272,176
doc/fish-bike.jpg,209,1,336,64
doc/fish-bike.jpg,41,1,104,256
doc/fish-bike.jpg,97,65,224,192
doc/fish-bike.jpg,329,1,392,256
doc/fish-bike.jpg,129,137,384,200
doc/fish-bike.jpg,273,137,400,200
doc/fish-bike.jpg,129,257,384,320
doc/fish-bike.jpg,137,145,200,208
doc/fish-bike.jpg,49,97,176,224
doc/fish-bike.jpg,377,145,440,272
doc/fish-bike.jpg,105,257,168,320
doc/fish-bike.jpg,161,65,224,320
doc/fish-bike.jpg,49,129,112,256
doc/fish-bike.jpg,225,113,288,176
doc/fish-bike.jpg,313,113,376,240
doc/fish-bike.jpg,273,41,400,104
doc/fish-bike.jpg,241,129,272,192
doc/fish-bike.jpg,153,193,216,320
doc/fish-bike.jpg,185,137,248,200
doc/fish-bike.jpg,241,73,304,136
doc/fish-bike.jpg,217,257,280,320
doc/fish-bike.jpg,289,161,352,288
doc/fish-bike.jpg,137,1,200,256
doc/fish-bike.jpg,285,1,316,64
doc/fish-bike.jpg,65,1,128,128
doc/fish-bike.jpg,273,49,304,176
doc/fish-bike.jpg,17,81,80,208
doc/fish-bike.jpg,289,65,416,192
doc/fish-bike.jpg,233,233,296,296
doc/fish-bike.jpg,137,257,168,320
doc/fish-bike.jpg,137,225,168,288
doc/fish-bike.jpg,177,113,240,176
doc/fish-bike.jpg,105,233,168,296
doc/fish-bike.jpg,305,137,368,200
doc/fish-bike.jpg,193,25,256,88
doc/fish-bike.jpg,261,113,292,176
doc/fish-bike.jpg,161,209,224,272
doc/fish-bike.jpg,105,1,168,128
doc/fish-bike.jpg,261,49,292,112
doc/fish-bike.jpg,17,1,80,128
doc/fish-bike.jpg,181,249,212,312
doc/fish-bike.jpg,225,233,352,296
doc/fish-bike.jpg,353,145,416,208
doc/fish-bike.jpg,313,257,376,320
doc/fish-bike.jpg,169,249,200,312
doc/fish-bike.jpg,193,257,224,320
doc/fish-bike.jpg,281,113,344,176
doc/fish-bike.jpg,161,113,416,176
doc/fish-bike.jpg,297,9,360,72
doc/fish-bike.jpg,277,121,308,184
doc/fish-bike.jpg,65,153,192,216
doc/fish-bike.jpg,89,193,152,256
doc/fish-bike.jpg,9,177,72,304
doc/fish-bike.jpg,257,137,288,200
doc/fish-bike.jpg,277,97,308,160
doc/fish-bike.jpg,149,257,180,320
doc/fish-bike.jpg,25,129,88,256
doc/fish-bike.jpg,305,129,336,192
doc/fish-bike.jpg,289,113,320,176
doc/fish-bike.jpg,225,257,352,320
doc/fish-bike.jpg,81,209,208,272
doc/fish-bike.jpg,65,233,320,296
doc/fish-bike.jpg,177,217,304,280
doc/fish-bike.jpg,193,41,448,104
doc/fish-bike.jpg,41,1,104,128
doc/fish-bike.jpg,229,57,260,120
doc/fish-bike.jpg,1,169,128,232
doc/fish-bike.jpg,213,233,244,296
doc/fish-bike.jpg,401,161,464,288
doc/fish-bike.jpg,209,81,240,208
doc/fish-bike.jpg,201,129,232,192
doc/fish-bike.jpg,273,9,304,72
doc/fish-bike.jpg,129,209,256,272
doc/fish-bike.jpg,297,33,360,96
doc/fish-bike.jpg,261,49,292,176
doc/fish-bike.jpg,289,137,320,200
doc/fish-bike.jpg,185,137,216,200
doc/fish-bike.jpg,393,161,456,224
doc/fish-bike.jpg,229,129,260,192
doc/fish-bike.jpg,269,97,300,224
doc/fish-bike.jpg,33,193,160,256
doc/fish-bike.jpg,289,33,320,160
doc/fish-bike.jpg,281,257,344,320
doc/fish-bike.jpg,257,225,320,288
doc/fish-bike.jpg,209,97,240,160
doc/fish-bike.jpg,49,257,176,320
doc/fish-bike.jpg,273,257,400,320
doc/fish-bike.jpg,265,89,296,152
doc/fish-bike.jpg,33,257,288,320
doc/fish-bike.jpg,277,1,308,128
doc/fish-bike.jpg,353,161,416,288
doc/fish-bike.jpg,353,169,480,232
doc/fish-bike.jpg,221,81,252,208
doc/fish-bike.jpg,149,233,180,296
doc/fish-bike.jpg,321,145,448,208
doc/fish-bike.jpg,41,81,104,208
doc/fish-bike.jpg,121,193,184,256
doc/fish-bike.jpg,225,145,480,208
doc/fish-bike.jpg,33,129,288,192
doc/fish-bike.jpg,241,41,272,104
doc/fish-bike.jpg,201,233,232,296
doc/fish-bike.jpg,249,153,312,216
doc/fish-bike.jpg,113,145,176,208
doc/fish-bike.jpg,281,225,344,288
doc/fish-bike.jpg,221,89,252,152
doc/fish-bike.jpg,281,49,312,112
doc/fish-bike.jpg,261,25,292,88
doc/fish-bike.jpg,317,137,348,200
doc/fish-bike.jpg,241,33,272,160
doc/fish-bike.jpg,289,97,320,224
doc/fish-bike.jpg,153,1,216,128
doc/fish-bike.jpg,257,97,288,224
doc/fish-bike.jpg,197,97,228,224
doc/fish-bike.jpg,233,49,296,80
doc/fish-bike.jpg,369,257,432,320
doc/fish-bike.jpg,257,65,384,128
doc/fish-bike.jpg,265,81,328,144
doc/fish-bike.jpg,193,89,256,152
doc/fish-bike.jpg,269,249,300,312
doc/fish-bike.jpg,17,81,80,144
doc/fish-bike.jpg,237,81,268,208
doc/fish-bike.jpg,125,257,156,320
doc/fish-bike.jpg,213,257,244,320
doc/fish-bike.jpg,145,9,272,72
doc/fish-bike.jpg,417,33,480,160
doc/fish-bike.jpg,217,209,280,272
doc/fish-bike.jpg,337,113,400,240
doc/fish-bike.jpg,81,233,208,296
doc/fish-bike.jpg,301,25,332,88
doc/fish-bike.jpg,233,193,296,320
doc/fish-bike.jpg,213,137,244,200
doc/fish-bike.jpg,65,169,128,232
doc/fish-bike.jpg,261,1,292,128
doc/fish-bike.jpg,185,209,248,272
doc/fish-bike.jpg,17,1,80,64
doc/fish-bike.jpg,249,105,280,168
doc/fish-bike.jpg,245,17,276,80
doc/fish-bike.jpg,245,225,276,288
doc/fish-bike.jpg,289,25,320,88
doc/fish-bike.jpg,113,169,240,232
doc/fish-bike.jpg,161,161,288,224
doc/fish-bike.jpg,157,137,188,200
doc/fish-bike.jpg,49,121,112,184
doc/fish-bike.jpg,229,33,260,160
doc/fish-bike.jpg,33,153,288,216
doc/fish-bike.jpg,305,113,368,176
doc/fish-bike.jpg,161,89,416,152
doc/fish-bike.jpg,265,29,328,60
doc/fish-bike.jpg,121,169,184,232
doc/fish-bike.jpg,97,1,352,64
doc/fish-bike.jpg,273,141,336,172
doc/fish-bike.jpg,41,145,104,208
doc/fish-bike.jpg,161,233,416,296
doc/fish-bike.jpg,121,281,184,312
doc/fish-bike.jpg,329,145,392,208
doc/fish-bike.jpg,177,249,240,280
doc/fish-bike.jpg,249,145,280,272
doc/fish-bike.jpg,65,81,320,144
doc/fish-bike.jpg,225,17,480,80
doc/fish-bike.jpg,237,145,268,272
doc/fish-bike.jpg,241,153,272,216
doc/fish-bike.jpg,153,65,216,192
doc/fish-bike.jpg,241,137,272,168
doc/fish-bike.jpg,17,145,144,208
doc/fish-bike.jpg,321,33,384,160
doc/fish-bike.jpg,321,41,448,104
doc/fish-bike.jpg,217,161,280,224
doc/fish-bike.jpg,297,1,328,64
doc/fish-bike.jpg,165,217,196,280
doc/fish-bike.jpg,221,145,252,272
doc/fish-bike.jpg,249,257,280,320
doc/fish-bike.jpg,1,209,256,272
doc/fish-bike.jpg,229,33,260,96
doc/fish-bike.jpg,153,17,216,80
doc/fish-bike.jpg,169,137,200,200
doc/fish-bike.jpg,305,113,336,240
doc/fish-bike.jpg,161,285,224,316
doc/fish-bike.jpg,65,25,320,88
doc/fish-bike.jpg,361,169,424,232
doc/fish-bike.jpg,161,65,416,128
doc/fish-bike.jpg,193,1,256,64
doc/fish-bike.jpg,353,41,416,104
doc/fish-bike.jpg,281,249,312,312
doc/fish-bike.jpg,301,17,332,144
doc/fish-bike.jpg,377,145,408,208
doc/fish-bike.jpg,233,233,264,296
doc/fish-bike.jpg,137,201,168,264
doc/fish-bike.jpg,141,177,172,304
doc/fish-bike.jpg,233,149,296,180
doc/fish-bike.jpg,321,41,384,104
doc/fish-bike.jpg,89,153,152,216
doc/fish-bike.jpg,393,41,456,104
doc/fish-bike.jpg,153,193,184,320
doc/fish-bike.jpg,229,153,260,216
doc/fish-bike.jpg,273,161,400,224
doc/fish-bike.jpg,273,13,336,44
doc/fish-bike.jpg,257,117,320,148
doc/fish-bike.jpg,193,137,256,168
doc/fish-bike.jpg,97,9,160,72
doc/fish-bike.jpg,305,137,336,168
doc/fish-bike.jpg,301,105,332,168
doc/fish-bike.jpg,305,113,432,176
doc/fish-bike.jpg,233,137,296,168
doc/fish-bike.jpg,181,129,212,256
doc/fish-bike.jpg,217,245,280,276
doc/fish-bike.jpg,209,49,272,112
doc/fish-bike.jpg,201,117,264,148
doc/fish-bike.jpg,249,253,312,284
doc/fish-bike.jpg,129,241,192,272
doc/fish-bike.jpg,241,33,304,64
doc/fish-bike.jpg,273,225,400,288
doc/fish-bike.jpg,209,161,336,224
doc/fish-bike.jpg,193,161,256,224
doc/fish-bike.jpg,49,17,176,80
doc/fish-bike.jpg,281,153,344,184
doc/fish-bike.jpg,253,149,284,180
doc/fish-bike.jpg,217,65,248,128
doc/fish-bike.jpg,1,201,64,264
doc/fish-bike.jpg,269,145,300,208
doc/fish-bike.jpg,161,145,224,176
doc/fish-bike.jpg,1,225,64,288
doc/fish-bike.jpg,257,101,320,132
doc/fish-bike.jpg,65,105,320,168
doc/fish-bike.jpg,225,69,288,100
doc/fish-bike.jpg,273,161,336,224
doc/fish-bike.jpg,153,261,216,292
doc/fish-bike.jpg,81,257,144,320
doc/fish-bike.jpg,65,193,128,256
doc/fish-bike.jpg,201,145,232,272
doc/fish-bike.jpg,253,41,284,72
doc/fish-bike.jpg,277,105,308,136
doc/fish-bike.jpg,137,145,168,208
doc/fish-bike.jpg,377,33,440,160
doc/fish-bike.jpg,253,245,284,276
doc/fish-bike.jpg,297,161,360,224
doc/fish-bike.jpg,257,129,320,160
doc/fish-bike.jpg,1,1,128,64
doc/fish-bike.jpg,117,161,148,224
doc/fish-bike.jpg,73,17,136,80
doc/fish-bike.jpg,265,225,296,288
doc/fish-bike.jpg,189,225,220,288
doc/fish-bike.jpg,257,153,320,184
doc/fish-bike.jpg,129,1,192,128
doc/fish-bike.jpg,313,293,376,323
doc/fish-bike.jpg,377,193,440,320
doc/fish-bike.jpg,337,249,400,312
doc/fish-bike.jpg,301,153,332,216
doc/fish-bike.jpg,281,293,344,323
doc/fish-bike.jpg,329,193,392,320
doc/fish-bike.jpg,233,89,264,152
doc/fish-bike.jpg,65,177,128,304
doc/fish-bike.jpg,285,137,316,168
doc/fish-bike.jpg,297,137,360,168
doc/fish-bike.jpg,65,145,128,208
doc/fish-bike.jpg,65,129,192,192
doc/fish-bike.jpg,313,249,344,312
doc/fish-bike.jpg,153,237,216,268
doc/fish-bike.jpg,185,253,216,284
doc/fish-bike.jpg,241,85,304,116
doc/fish-bike.jpg,209,241,240,272
doc/fish-bike.jpg,261,117,292,148
doc/fish-bike.jpg,149,209,180,272
doc/fish-bike.jpg,193,293,256,323
doc/fish-bike.jpg,269,137,300,168
doc/fish-bike.jpg,317,113,348,240
doc/fish-bike.jpg,253,29,284,60
doc/fish-bike.jpg,305,293,336,323
doc/fish-bike.jpg,177,217,208,280
doc/fish-bike.jpg,269,153,300,184
doc/fish-bike.jpg,265,49,296,80
doc/fish-bike.jpg,257,53,320,84
doc/fish-bike.jpg,201,101,264,132
doc/fish-bike.jpg,145,281,176,312
doc/fish-bike.jpg,197,105,228,168
doc/fish-bike.jpg,277,121,308,152
doc/fish-bike.jpg,257,129,288,160
doc/fish-bike.jpg,81,285,144,316
doc/fish-bike.jpg,313,153,344,184
doc/fish-bike.jpg,193,233,256,264
doc/fish-bike.jpg,277,73,308,136
doc/fish-bike.jpg,121,17,184,80
doc/fish-bike.jpg,233,117,296,148
doc/fish-bike.jpg,301,257,332,320
doc/fish-bike.jpg,217,25,280,56
doc/fish-bike.jpg,241,89,368,152
doc/fish-bike.jpg,129,225,192,256
doc/fish-bike.jpg,301,153,332,184
doc/fish-bike.jpg,145,177,208,240
doc/fish-bike.jpg,149,129,180,256
doc/fish-bike.jpg,81,129,112,256
doc/fish-bike.jpg,241,41,272,72
doc/fish-bike.jpg,381,161,412,192
doc/fish-bike.jpg,201,257,264,288
doc/fish-bike.jpg,317,113,348,176
doc/fish-bike.jpg,241,65,272,128
doc/fish-bike.jpg,217,85,280,116
doc/fish-bike.jpg,241,125,272,156
doc/fish-bike.jpg,297,41,360,72
doc/fish-bike.jpg,137,145,200,176
doc/fish-bike.jpg,265,253,296,284
doc/fish-bike.jpg,275,49,290,112
doc/fish-bike.jpg,377,145,408,272
doc/fish-bike.jpg,289,125,320,156
doc/fish-bike.jpg,269,89,300,120
doc/fish-bike.jpg,265,73,296,104
doc/fish-bike.jpg,145,65,272,128
doc/fish-bike.jpg,41,281,104,312
doc/fish-bike.jpg,129,269,160,300
doc/fish-bike.jpg,281,121,344,152
doc/fish-bike.jpg,353,17,416,80
doc/fish-bike.jpg,41,169,104,232
doc/fish-bike.jpg,229,129,260,160
doc/fish-bike.jpg,177,65,240,192
doc/fish-bike.jpg,1,81,128,208
doc/fish-bike.jpg,153,225,216,256
doc/fish-bike.jpg,157,285,188,316
doc/fish-bike.jpg,193,285,224,316
doc/fish-bike.jpg,241,149,272,180
doc/fish-bike.jpg,353,157,416,188
doc/fish-bike.jpg,185,141,216,172
doc/fish-bike.jpg,205,121,236,152
doc/fish-bike.jpg,101,153,132,216
doc/fish-bike.jpg,153,113,216,176
doc/fish-bike.jpg,25,225,88,288
doc/fish-bike.jpg,193,277,256,308
doc/fish-bike.jpg,33,177,96,304
doc/fish-bike.jpg,157,241,188,272
doc/fish-bike.jpg,41,257,104,320
doc/fish-bike.jpg,301,225,332,288
doc/fish-bike.jpg,129,253,192,284
doc/fish-bike.jpg,273,145,304,272
doc/fish-bike.jpg,241,241,272,272
doc/fish-bike.jpg,201,133,232,164
doc/fish-bike.jpg,297,105,328,136
doc/fish-bike.jpg,261,61,292,92
doc/fish-bike.jpg,17,105,144,168
doc/fish-bike.jpg,289,89,320,152
doc/fish-bike.jpg,197,153,228,216
doc/fish-bike.jpg,225,249,256,280
doc/fish-bike.jpg,137,229,168,260
doc/fish-bike.jpg,97,1,224,64
doc/fish-bike.jpg,225,73,256,104
doc/fish-bike.jpg,289,153,320,184
doc/fish-bike.jpg,221,89,252,120
doc/fish-bike.jpg,233,13,296,44
doc/fish-bike.jpg,217,293,280,323
doc/fish-bike.jpg,129,285,160,316
doc/fish-bike.jpg,225,141,352,172
doc/fish-bike.jpg,237,257,268,320
doc/fish-bike.jpg,281,53,312,84
doc/fish-bike.jpg,113,265,176,296
doc/fish-bike.jpg,177,285,208,316
doc/fish-bike.jpg,265,281,328,312
doc/fish-bike.jpg,129,33,256,96
doc/fish-bike.jpg,417,41,480,104
doc/fish-bike.jpg,117,193,148,256
doc/fish-bike.jpg,369,257,400,320
doc/fish-bike.jpg,89,205,152,236
doc/fish-bike.jpg,225,9,256,72
doc/fish-bike.jpg,241,113,272,144
doc/fish-bike.jpg,201,153,264,184
doc/fish-bike.jpg,73,113,136,240
doc/fish-bike.jpg,97,209,352,272
doc/fish-bike.jpg,213,65,244,320
doc/fish-bike.jpg,225,257,256,320
doc/fish-bike.jpg,317,141,348,172
doc/fish-bike.jpg,257,265,320,296
doc/fish-bike.jpg,197,253,228,284
doc/fish-bike.jpg,145,241,176,272
doc/fish-bike.jpg,189,273,220,304
doc/fish-bike.jpg,161,141,288,172
doc/fish-bike.jpg,321,137,384,168
doc/fish-bike.jpg,145,273,208,304
doc/fish-bike.jpg,209,293,240,323
doc/fish-bike.jpg,253,129,268,192
doc/fish-bike.jpg,293,281,324,312
doc/fish-bike.jpg,293,9,324,40
doc/fish-bike.jpg,329,121,360,184
doc/fish-bike.jpg,137,209,200,240
doc/fish-bike.jpg,17,249,80,312
doc/fish-bike.jpg,265,105,296,136
doc/fish-bike.jpg,165,265,196,296
doc/fish-bike.jpg,173,145,204,176
doc/fish-bike.jpg,221,141,252,172
doc/fish-bike.jpg,161,129,192,256
doc/fish-bike.jpg,329,121,392,184
doc/fish-bike.jpg,213,101,244,132
doc/fish-bike.jpg,393,169,456,200
doc/fish-bike.jpg,133,241,164,272
doc/fish-bike.jpg,393,17,456,80
doc/fish-bike.jpg,309,117,340,148
doc/fish-bike.jpg,201,273,232,304
doc/fish-bike.jpg,257,233,320,264
doc/fish-bike.jpg,229,1,260,256
doc/fish-bike.jpg,221,261,252,292
doc/fish-bike.jpg,293,1,324,256
doc/fish-bike.jpg,177,265,208,296
doc/fish-bike.jpg,117,177,148,304
doc/fish-bike.jpg,233,57,264,88
doc/fish-bike.jpg,281,93,312,124
doc/fish-bike.jpg,305,149,368,180
doc/fish-bike.jpg,125,1,156,128
doc/fish-bike.jpg,257,293,320,323
doc/fish-bike.jpg,125,225,156,288
doc/fish-bike.jpg,305,17,432,80
doc/fish-bike.jpg,229,153,260,184
doc/fish-bike.jpg,365,137,396,200
doc/fish-bike.jpg,137,253,168,284
doc/fish-bike.jpg,293,293,324,323
doc/fish-bike.jpg,229,237,260,268
doc/fish-bike.jpg,369,157,400,188
doc/fish-bike.jpg,353,193,480,320
doc/fish-bike.jpg,269,1,300,256
doc/fish-bike.jpg,393,137,456,200
doc/fish-bike.jpg,265,33,296,64
doc/fish-bike.jpg,353,293,416,323
doc/fish-bike.jpg,233,97,296,128
doc/fish-bike.jpg,329,281,392,312
doc/fish-bike.jpg,283,89,298,152
doc/fish-bike.jpg,273,41,336,72
doc/fish-bike.jpg,225,209,352,272
doc/fish-bike.jpg,109,285,140,316
doc/fish-bike.jpg,149,225,180,256
doc/fish-bike.jpg,17,281,80,312
doc/fish-bike.jpg,301,33,332,64
doc/fish-bike.jpg,353,17,416,144
doc/fish-bike.jpg,217,37,280,68
doc/fish-bike.jpg,169,253,200,284
doc/fish-bike.jpg,113,153,176,184
doc/fish-bike.jpg,197,233,228,264
doc/fish-bike.jpg,209,253,240,284
doc/fish-bike.jpg,221,117,252,148
doc/fish-bike.jpg,365,289,396,320
doc/fish-bike.jpg,33,57,288,120
doc/fish-bike.jpg,153,249,216,280
doc/fish-bike.jpg,25,105,88,168
doc/fish-bike.jpg,161,145,192,176
doc/fish-bike.jpg,293,145,324,272
doc/fish-bike.jpg,225,153,352,184
doc/fish-bike.jpg,245,129,260,192
doc/fish-bike.jpg,281,5,312,36
doc/fish-bike.jpg,25,77,56,108
doc/fish-bike.jpg,277,37,308,68
doc/fish-bike.jpg,273,65,336,96
doc/fish-bike.jpg,245,53,276,84
doc/fish-bike.jpg,409,185,472,248
doc/fish-bike.jpg,145,89,272,152
doc/fish-bike.jpg,353,49,480,176
doc/fish-bike.jpg,377,157,440,188
doc/fish-bike.jpg,241,25,272,56
doc/fish-bike.jpg,161,81,224,144
doc/fish-bike.jpg,177,49,240,112
doc/fish-bike.jpg,253,261,284,292
doc/fish-bike.jpg,217,17,248,144
doc/fish-bike.jpg,349,293,380,323
doc/fish-bike.jpg,281,109,344,140
doc/fish-bike.jpg,259,137,274,200
doc/fish-bike.jpg,289,265,352,296
doc/fish-bike.jpg,221,293,252,323
doc/fish-bike.jpg,113,285,240,316
doc/fish-bike.jpg,329,133,360,164
doc/fish-bike.jpg,85,285,116,316
doc/fish-bike.jpg,141,269,172,300
doc/fish-bike.jpg,253,193,284,320
doc/fish-bike.jpg,121,201,152,232
doc/fish-bike.jpg,125,157,156,188
doc/fish-bike.jpg,137,153,168,184
doc/fish-bike.jpg,369,173,432,204
doc/fish-bike.jpg,37,281,68,312
doc/fish-bike.jpg,293,21,324,52
doc/fish-bike.jpg,289,225,320,288
doc/fish-bike.jpg,65,161,128,192
doc/fish-bike.jpg,229,193,260,320
doc/fish-bike.jpg,277,69,308,100
doc/fish-bike.jpg,97,285,128,316
doc/fish-bike.jpg,245,101,276,132
doc/fish-bike.jpg,397,153,428,216
doc/fish-bike.jpg,229,25,260,56
doc/fish-bike.jpg,261,145,292,272
doc/fish-bike.jpg,281,1,312,256
doc/fish-bike.jpg,301,265,332,296
doc/fish-bike.jpg,153,261,184,292
doc/fish-bike.jpg,337,257,464,320
doc/fish-bike.jpg,69,281,100,312
doc/fish-bike.jpg,169,217,200,248
doc/fish-bike.jpg,225,233,288,264
doc/fish-bike.jpg,317,293,348,323
doc/fish-bike.jpg,93,157,124,188
doc/fish-bike.jpg,233,293,264,323
doc/fish-bike.jpg,149,149,180,180
doc/fish-bike.jpg,225,257,480,320
doc/fish-bike.jpg,41,129,104,160
doc/fish-bike.jpg,225,257,288,288
doc/fish-bike.jpg,137,209,168,240
doc/fish-bike.jpg,249,65,312,96
doc/fish-bike.jpg,49,281,80,312
doc/fish-bike.jpg,401,113,464,240
doc/fish-bike.jpg,233,85,264,116
doc/fish-bike.jpg,185,241,216,272
doc/fish-bike.jpg,241,33,272,288
doc/fish-bike.jpg,269,233,300,264
doc/fish-bike.jpg,353,17,480,80
doc/fish-bike.jpg,329,17,392,80
doc/fish-bike.jpg,169,25,232,56
doc/fish-bike.jpg,265,21,296,52
doc/fish-bike.jpg,305,1,336,256
doc/fish-bike.jpg,281,65,296,128
doc/fish-bike.jpg,125,253,156,284
doc/fish-bike.jpg,393,153,424,184
doc/fish-bike.jpg,109,157,140,188
doc/fish-bike.jpg,157,213,188,244
doc/fish-bike.jpg,49,9,112,72
doc/fish-bike.jpg,225,169,480,232
doc/fish-bike.jpg,177,245,304,276
doc/fish-bike.jpg,241,229,272,260
doc/fish-bike.jpg,241,129,368,160
doc/fish-bike.jpg,241,261,272,292
doc/fish-bike.jpg,201,257,216,320
doc/fish-bike.jpg,193,109,320,140
doc/fish-bike.jpg,159,257,174,320
doc/fish-bike.jpg,365,145,396,272
doc/fish-bike.jpg,193,33,256,64
doc/fish-bike.jpg,41,293,104,323
doc/fish-bike.jpg,173,257,188,320
doc/fish-bike.jpg,161,129,288,160
doc/fish-bike.jpg,129,253,256,284
doc/fish-bike.jpg,257,1,288,256
doc/fish-bike.jpg,305,281,336,312
doc/fish-bike.jpg,253,233,284,264
doc/fish-bike.jpg,41,173,104,204
doc/fish-bike.jpg,145,21,208,52
doc/fish-bike.jpg,113,205,176,236
doc/fish-bike.jpg,381,149,412,180
doc/fish-bike.jpg,161,133,224,164
doc/fish-bike.jpg,209,229,240,260
doc/fish-bike.jpg,337,257,368,320
doc/fish-bike.jpg,281,253,312,284
doc/fish-bike.jpg,129,121,192,184
doc/fish-bike.jpg,169,185,232,248
doc/fish-bike.jpg,369,273,400,304
doc/fish-bike.jpg,33,81,64,208
doc/fish-bike.jpg,313,21,344,52
doc/fish-bike.jpg,193,1,224,128
doc/fish-bike.jpg,33,113,96,144
doc/fish-bike.jpg,305,29,368,60
doc/fish-bike.jpg,25,101,88,132
doc/fish-bike.jpg,121,165,184,196
doc/fish-bike.jpg,129,145,160,272
doc/fish-bike.jpg,121,293,184,323
doc/fish-bike.jpg,293,121,308,184
doc/fish-bike.jpg,153,157,216,188
doc/fish-bike.jpg,189,257,204,320
doc/fish-bike.jpg,257,85,288,116
doc/fish-bike.jpg,209,161,240,192
doc/fish-bike.jpg,25,281,56,312
doc/fish-bike.jpg,281,233,344,264
doc/fish-bike.jpg,253,137,268,168
doc/fish-bike.jpg,289,265,320,296
doc/fish-bike.jpg,369,45,432,76
doc/fish-bike.jpg,285,193,316,320
doc/fish-bike.jpg,207,113,222,176
doc/fish-bike.jpg,165,229,196,260
doc/fish-bike.jpg,365,145,396,176
doc/fish-bike.jpg,129,161,384,224
doc/fish-bike.jpg,225,101,256,132
doc/fish-bike.jpg,169,273,232,304
doc/fish-bike.jpg,245,293,276,323
doc/fish-bike.jpg,257,293,384,323
doc/fish-bike.jpg,217,129,248,160
doc/fish-bike.jpg,305,233,368,296
doc/fish-bike.jpg,117,269,148,300
doc/fish-bike.jpg,289,233,320,264
doc/fish-bike.jpg,193,65,224,320
doc/fish-bike.jpg,401,45,432,76
doc/fish-bike.jpg,93,201,124,232
doc/fish-bike.jpg,337,169,400,232
doc/fish-bike.jpg,277,25,308,56
doc/fish-bike.jpg,193,21,256,52
doc/fish-bike.jpg,245,73,276,104
doc/fish-bike.jpg,189,129,220,160
doc/fish-bike.jpg,201,109,232,140
doc/fish-bike.jpg,249,161,280,192
doc/fish-bike.jpg,109,193,140,224
doc/fish-bike.jpg,183,249,198,312
doc/fish-bike.jpg,195,241,210,304
doc/fish-bike.jpg,25,73,56,136
doc/fish-bike.jpg,289,33,320,64
doc/fish-bike.jpg,129,21,160,52
doc/fish-bike.jpg,105,13,168,44
doc/fish-bike.jpg,275,53,290,84
doc/fish-bike.jpg,301,45,332,76
doc/fish-bike.jpg,117,213,148,244
doc/fish-bike.jpg,269,41,284,104
doc/fish-bike.jpg,289,253,352,284
doc/fish-bike.jpg,305,277,368,308
doc/fish-bike.jpg,257,45,384,76
doc/fish-bike.jpg,329,145,360,176
doc/fish-bike.jpg,369,169,400,200
doc/fish-bike.jpg,287,1,302,64
doc/fish-bike.jpg,275,25,290,88
doc/fish-bike.jpg,5,229,36,260
doc/fish-bike.jpg,273,77,336,108
doc/fish-bike.jpg,309,1,340,64
doc/fish-bike.jpg,89,157,152,188
doc/fish-bike.jpg,165,257,180,320
doc/fish-bike.jpg,313,261,344,292
doc/fish-bike.jpg,93,145,124,272
doc/fish-bike.jpg,297,1,312,64
doc/fish-bike.jpg,97,105,224,168
doc/fish-bike.jpg,309,129,324,192
doc/fish-bike.jpg,381,45,412,76
doc/fish-bike.jpg,201,69,264,100
doc/fish-bike.jpg,259,141,274,172
doc/fish-bike.jpg,225,13,256,44
doc/fish-bike.jpg,281,81,312,112
doc/fish-bike.jpg,17,81,144,144
doc/fish-bike.jpg,37,129,68,256
doc/fish-bike.jpg,193,93,320,124
doc/fish-bike.jpg,105,13,136,44
doc/fish-bike.jpg,197,161,228,192
doc/fish-bike.jpg,213,277,244,308
doc/fish-bike.jpg,393,161,408,192
doc/fish-bike.jpg,81,193,144,224
doc/fish-bike.jpg,161,293,288,323
doc/fish-bike.jpg,225,25,352,56
doc/fish-bike.jpg,69,293,100,323
doc/fish-bike.jpg,337,265,368,296
doc/fish-bike.jpg,141,293,172,323
doc/fish-bike.jpg,385,173,416,204
doc/fish-bike.jpg,169,157,200,188
doc/fish-bike.jpg,305,1,320,64
doc/fish-bike.jpg,153,257,168,320
doc/fish-bike.jpg,317,129,348,160
doc/fish-bike.jpg,389,41,420,104
doc/fish-bike.jpg,117,9,148,40
doc/fish-bike.jpg,273,1,336,32
doc/fish-bike.jpg,89,145,120,208
doc/fish-bike.jpg,33,285,160,316
doc/fish-bike.jpg,129,241,256,272
doc/fish-bike.jpg,209,89,240,120
doc/fish-bike.jpg,29,1,60,128
doc/fish-bike.jpg,29,89,60,120
doc/fish-bike.jpg,329,45,392,76
doc/fish-bike.jpg,353,281,384,312
doc/fish-bike.jpg,181,221,212,252
doc/fish-bike.jpg,159,233,174,296
doc/fish-bike.jpg,269,9,300,40
doc/fish-bike.jpg,129,189,160,220
doc/fish-bike.jpg,213,77,244,108
doc/fish-bike.jpg,333,161,364,192
doc/fish-bike.jpg,365,261,396,292
doc/fish-bike.jpg,217,25,248,56
doc/fish-bike.jpg,329,293,360,323
doc/fish-bike.jpg,401,41,432,104
doc/fish-bike.jpg,275,73,290,136
doc/fish-bike.jpg,353,281,416,312
doc/fish-bike.jpg,233,161,296,192
doc/fish-bike.jpg,1,1,256,64
doc/fish-bike.jpg,393,45,456,76
doc/fish-bike.jpg,17,85,80,116
doc/fish-bike.jpg,241,193,304,256
doc/fish-bike.jpg,281,25,296,88
doc/fish-bike.jpg,303,137,318,200
doc/fish-bike.jpg,105,25,168,56
doc/fish-bike.jpg,281,97,344,128
doc/fish-bike.jpg,393,145,424,272
doc/fish-bike.jpg,161,213,224,244
doc/fish-bike.jpg,273,141,400,172
doc/fish-bike.jpg,5,217,36,280
doc/fish-bike.jpg,337,265,400,296
doc/fish-bike.jpg,281,161,312,224
doc/fish-bike.jpg,89,169,120,232
doc/fish-bike.jpg,207,257,222,320
doc/fish-bike.jpg,97,113,160,240
doc/fish-bike.jpg,57,149,120,180
doc/fish-bike.jpg,41,161,104,192
doc/fish-bike.jpg,215,225,230,288
doc/fish-bike.jpg,209,161,240,224
doc/fish-bike.jpg,57,145,88,272
doc/fish-bike.jpg,327,145,342,176
doc/fish-bike.jpg,177,261,304,292
doc/fish-bike.jpg,77,169,108,232
doc/fish-bike.jpg,145,9,208,40
doc/fish-bike.jpg,241,193,272,320
doc/fish-bike.jpg,321,33,352,160
doc/fish-bike.jpg,265,113,280,176
doc/fish-bike.jpg,389,1,420,256
doc/fish-bike.jpg,269,45,284,76
doc/fish-bike.jpg,381,169,412,232
doc/fish-bike.jpg,311,137,326,168
doc/fish-bike.jpg,25,185,88,216
doc/fish-bike.jpg,265,149,280,180
doc/fish-bike.jpg,73,21,136,52
doc/fish-bike.jpg,125,17,156,80
doc/fish-bike.jpg,193,81,320,112
doc/fish-bike.jpg,321,141,336,172
doc/fish-bike.jpg,305,153,432,184
doc/fish-bike.jpg,9,73,40,136
doc/fish-bike.jpg,239,121,254,184
doc/fish-bike.jpg,265,249,280,280
doc/fish-bike.jpg,247,137,262,168
doc/fish-bike.jpg,113,1,144,128
doc/fish-bike.jpg,105,237,168,268
doc/fish-bike.jpg,401,1,432,256
doc/fish-bike.jpg,305,161,336,288
doc/fish-bike.jpg,89,273,152,304
doc/fish-bike.jpg,199,129,214,192
doc/fish-bike.jpg,209,49,336,80
doc/fish-bike.jpg,281,93,296,124
doc/fish-bike.jpg,165,193,196,320
doc/fish-bike.jpg,209,61,336,92
doc/fish-bike.jpg,129,1,160,256
doc/fish-bike.jpg,243,49,258,112
doc/fish-bike.jpg,177,261,240,292
doc/fish-bike.jpg,143,257,158,320
doc/fish-bike.jpg,265,145,280,208
doc/fish-bike.jpg,193,85,256,116
doc/fish-bike.jpg,193,17,224,80
doc/fish-bike.jpg,177,153,304,184
doc/fish-bike.jpg,105,217,168,248
doc/fish-bike.jpg,161,117,224,148
doc/fish-bike.jpg,149,225,164,288
doc/fish-bike.jpg,281,69,296,100
doc/fish-bike.jpg,49,1,80,128
doc/fish-bike.jpg,185,113,216,176
doc/fish-bike.jpg,409,181,472,212
doc/fish-bike.jpg,297,121,312,152
doc/fish-bike.jpg,231,73,246,104
doc/fish-bike.jpg,113,145,240,176
doc/fish-bike.jpg,305,17,368,48
doc/fish-bike.jpg,289,89,352,152
doc/fish-bike.jpg,1,221,64,252
doc/fish-bike.jpg,177,161,240,192
doc/fish-bike.jpg,317,153,332,184
doc/fish-bike.jpg,253,149,268,180
doc/fish-bike.jpg,113,185,176,216
doc/fish-bike.jpg,209,57,272,88
doc/fish-bike.jpg,253,81,284,144
doc/fish-bike.jpg,177,185,304,248
doc/fish-bike.jpg,313,161,376,192
doc/fish-bike.jpg,353,145,416,176
doc/fish-bike.jpg,169,161,232,224
doc/fish-bike.jpg,241,133,256,164
doc/fish-bike.jpg,101,17,132,80
doc/fish-bike.jpg,317,137,332,200
doc/fish-bike.jpg,137,17,168,80
doc/fish-bike.jpg,137,169,168,232
doc/fish-bike.jpg,227,241,242,304
doc/fish-bike.jpg,45,89,76,152
doc/fish-bike.jpg,417,17,480,80
doc/fish-bike.jpg,329,149,392,180
doc/fish-bike.jpg,9,129,72,192
doc/fish-bike.jpg,113,273,240,304
doc/fish-bike.jpg,287,49,302,112
doc/fish-bike.jpg,227,245,242,276
doc/fish-bike.jpg,417,45,480,76
doc/fish-bike.jpg,281,113,296,176
doc/fish-bike.jpg,251,37,266,68
doc/fish-bike.jpg,101,193,132,256
doc/fish-bike.jpg,105,121,168,184
doc/fish-bike.jpg,381,257,412,320
doc/fish-bike.jpg,17,205,80,236
doc/fish-bike.jpg,281,57,296,88
doc/fish-bike.jpg,117,1,148,256
doc/fish-bike.jpg,307,293,322,323
doc/fish-bike.jpg,241,117,368,148
doc/fish-bike.jpg,301,113,316,176
doc/fish-bike.jpg,139,225,154,288
doc/fish-bike.jpg,241,221,304,252
doc/fish-bike.jpg,41,201,104,264
doc/fish-bike.jpg,341,33,372,96
doc/fish-bike.jpg,9,241,72,272
doc/fish-bike.jpg,33,225,96,256
doc/fish-bike.jpg,33,1,64,256
doc/fish-bike.jpg,377,97,440,224
doc/fish-bike.jpg,317,177,348,304
doc/fish-bike.jpg,265,29,280,60
doc/fish-bike.jpg,1,5,64,36
doc/fish-bike.jpg,259,129,274,160
doc/fish-bike.jpg,9,153,72,184
doc/fish-bike.jpg,273,105,288,168
doc/fish-bike.jpg,385,185,448,248
doc/fish-bike.jpg,143,281,158,312
doc/fish-bike.jpg,305,265,320,296
doc/fish-bike.jpg,313,161,344,224
doc/fish-bike.jpg,105,249,168,280
doc/fish-bike.jpg,269,113,284,144
doc/fish-bike.jpg,325,33,356,96
doc/fish-bike.jpg,217,269,280,300
doc/fish-bike.jpg,275,73,290,104
doc/fish-bike.jpg,271,149,286,180
doc/fish-bike.jpg,281,53,344,84
doc/fish-bike.jpg,209,165,272,196
doc/fish-bike.jpg,301,141,316,172
doc/fish-bike.jpg,215,233,230,264
doc/fish-bike.jpg,387,157,402,188
doc/fish-bike.jpg,137,181,200,212
doc/fish-bike.jpg,295,101,310,132
doc/fish-bike.jpg,377,145,440,176
doc/fish-bike.jpg,191,249,206,280
doc/fish-bike.jpg,149,273,164,304
doc/fish-bike.jpg,157,281,172,312
doc/fish-bike.jpg,217,193,248,320
doc/fish-bike.jpg,369,265,432,296
doc/fish-bike.jpg,201,209,232,272
doc/fish-bike.jpg,159,241,174,272
doc/fish-bike.jpg,57,97,88,224
doc/fish-bike.jpg,319,293,334,323
doc/fish-bike.jpg,89,177,152,208
doc/fish-bike.jpg,285,149,300,180
doc/fish-bike.jpg,297,221,360,252
doc/fish-bike.jpg,361,33,424,64
doc/fish-bike.jpg,281,45,296,76
doc/fish-bike.jpg,417,41,448,104
doc/fish-bike.jpg,213,25,244,88
doc/fish-bike.jpg,239,145,254,208
doc/fish-bike.jpg,65,173,128,204
doc/fish-bike.jpg,105,145,136,272
doc/fish-bike.jpg,273,101,288,132
doc/fish-bike.jpg,265,193,296,320
doc/fish-bike.jpg,281,1,296,64
doc/fish-bike.jpg,69,257,100,320
doc/fish-bike.jpg,185,221,248,252
doc/fish-bike.jpg,417,1,448,256
doc/fish-bike.jpg,217,97,232,160
doc/fish-bike.jpg,275,137,290,168
doc/fish-bike.jpg,271,33,286,64
doc/fish-bike.jpg,205,289,220,320
doc/fish-bike.jpg,81,1,112,128
doc/fish-bike.jpg,225,85,240,116
doc/fish-bike.jpg,177,97,240,128
doc/fish-bike.jpg,271,253,286,284
doc/fish-bike.jpg,369,121,432,184
doc/fish-bike.jpg,209,117,224,148
doc/fish-bike.jpg,253,121,268,152
doc/fish-bike.jpg,259,153,274,184
doc/fish-bike.jpg,225,13,352,44
doc/fish-bike.jpg,101,1,132,256
doc/fish-bike.jpg,195,141,210,172
doc/fish-bike.jpg,401,157,464,188
doc/fish-bike.jpg,81,145,144,176
doc/fish-bike.jpg,193,37,320,68
doc/fish-bike.jpg,303,153,318,184
doc/fish-bike.jpg,181,265,196,296
doc/fish-bike.jpg,205,269,220,300
doc/fish-bike.jpg,137,197,200,228
doc/fish-bike.jpg,277,153,292,184
doc/fish-bike.jpg,377,1,408,256
doc/fish-bike.jpg,137,1,168,128
doc/fish-bike.jpg,233,65,248,128
doc/fish-bike.jpg,185,9,248,40
doc/fish-bike.jpg,221,241,236,272
doc/fish-bike.jpg,329,253,392,284
doc/fish-bike.jpg,239,57,254,88
doc/fish-bike.jpg,291,113,306,144
doc/fish-bike.jpg,223,89,238,152
doc/fish-bike.jpg,33,225,160,288
doc/fish-bike.jpg,229,105,260,120
doc/fish-bike.jpg,237,299,268,314
doc/fish-bike.jpg,237,161,268,176
doc/fish-bike.jpg,221,127,252,142
doc/fish-bike.jpg,65,285,96,300
doc/fish-bike.jpg,357,1,388,256
doc/fish-bike.jpg,181,247,212,262
doc/fish-bike.jpg,201,293,232,308
doc/fish-bike.jpg,289,49,320,64
doc/fish-bike.jpg,309,149,324,180
doc/fish-bike.jpg,281,165,344,196
doc/fish-bike.jpg,295,133,310,164
doc/fish-bike.jpg,289,53,304,84
doc/fish-bike.jpg,41,283,72,298
doc/fish-bike.jpg,189,23,220,38
doc/fish-bike.jpg,249,301,280,316
doc/fish-bike.jpg,321,301,352,316
doc/fish-bike.jpg,49,179,80,194
doc/fish-bike.jpg,181,233,212,248
doc/fish-bike.jpg,285,105,300,136
doc/fish-bike.jpg,145,223,176,238
doc/fish-bike.jpg,309,39,340,54
doc/fish-bike.jpg,333,129,364,256
doc/fish-bike.jpg,241,37,272,52
doc/fish-bike.jpg,225,209,480,272
doc/fish-bike.jpg,149,213,180,228
doc/fish-bike.jpg,129,287,160,302
doc/fish-bike.jpg,137,267,168,282
doc/fish-bike.jpg,157,285,188,300
doc/fish-bike.jpg,221,151,252,166
doc/fish-bike.jpg,221,27,252,42
doc/fish-bike.jpg,309,305,340,320
doc/fish-bike.jpg,125,215,156,230
doc/fish-bike.jpg,53,285,84,300
doc/fish-bike.jpg,317,143,348,158
doc/fish-bike.jpg,129,229,256,260
doc/fish-bike.jpg,321,137,352,152
doc/fish-bike.jpg,145,235,176,250
doc/fish-bike.jpg,329,145,360,208
doc/fish-bike.jpg,271,145,286,208
doc/fish-bike.jpg,301,283,332,298
doc/fish-bike.jpg,393,45,424,60
doc/fish-bike.jpg,265,141,296,156
doc/fish-bike.jpg,269,261,300,276
doc/fish-bike.jpg,29,283,60,298
doc/fish-bike.jpg,273,261,400,292
doc/fish-bike.jpg,289,33,416,64
doc/fish-bike.jpg,389,155,420,170
doc/fish-bike.jpg,281,95,312,110
doc/fish-bike.jpg,137,229,168,244
doc/fish-bike.jpg,293,113,324,128
doc/fish-bike.jpg,313,21,344,36
doc/fish-bike.jpg,293,21,324,36
doc/fish-bike.jpg,287,137,302,168
doc/fish-bike.jpg,17,283,48,298
doc/fish-bike.jpg,289,101,320,116
doc/fish-bike.jpg,265,249,296,264
doc/fish-bike.jpg,329,145,360,160
doc/fish-bike.jpg,357,293,388,308
doc/fish-bike.jpg,1,281,32,296
doc/fish-bike.jpg,269,85,300,100
doc/fish-bike.jpg,169,1,200,256
doc/fish-bike.jpg,181,253,196,284
doc/fish-bike.jpg,245,137,276,152
doc/fish-bike.jpg,315,29,330,60
doc/fish-bike.jpg,205,287,236,302
doc/fish-bike.jpg,381,45,412,60
doc/fish-bike.jpg,157,247,188,262
doc/fish-bike.jpg,189,285,204,316
doc/fish-bike.jpg,239,153,254,184
doc/fish-bike.jpg,225,247,256,262
doc/fish-bike.jpg,281,255,312,270
doc/fish-bike.jpg,285,7,316,22
doc/fish-bike.jpg,197,237,228,252
doc/fish-bike.jpg,221,133,252,148
doc/fish-bike.jpg,265,99,296,114
doc/fish-bike.jpg,281,117,296,148
doc/fish-bike.jpg,161,239,192,254
doc/fish-bike.jpg,357,257,388,320
doc/fish-bike.jpg,17,193,48,256
doc/fish-bike.jpg,269,303,300,318
doc/fish-bike.jpg,201,275,232,290
doc/fish-bike.jpg,261,67,292,82
doc/fish-bike.jpg,225,253,256,268
doc/fish-bike.jpg,293,299,324,314
doc/fish-bike.jpg,181,137,212,152
doc/fish-bike.jpg,297,305,328,320
doc/fish-bike.jpg,193,285,224,300
doc/fish-bike.jpg,289,125,320,140
doc/fish-bike.jpg,49,189,112,220
doc/fish-bike.jpg,239,225,254,288
doc/fish-bike.jpg,165,241,180,272
doc/fish-bike.jpg,293,235,324,250
doc/fish-bike.jpg,327,137,342,200
doc/fish-bike.jpg,269,57,284,88
doc/fish-bike.jpg,205,269,236,284
doc/fish-bike.jpg,209,181,272,212
doc/fish-bike.jpg,287,121,302,184
doc/fish-bike.jpg,225,257,352,288
doc/fish-bike.jpg,345,301,376,316
doc/fish-bike.jpg,215,249,230,280
doc/fish-bike.jpg,137,155,168,170
doc/fish-bike.jpg,233,141,248,172
doc/fish-bike.jpg,221,85,252,100
doc/fish-bike.jpg,109,161,140,176
doc/fish-bike.jpg,245,263,276,278
doc/fish-bike.jpg,205,249,220,280
doc/fish-bike.jpg,125,281,156,296
doc/fish-bike.jpg,145,261,176,276
doc/fish-bike.jpg,233,155,264,170
doc/fish-bike.jpg,139,225,154,256
doc/fish-bike.jpg,229,37,260,52
doc/fish-bike.jpg,225,193,288,224
doc/fish-bike.jpg,277,125,308,140
doc/fish-bike.jpg,145,255,176,270
doc/fish-bike.jpg,285,305,316,320
doc/fish-bike.jpg,133,257,164,272
doc/fish-bike.jpg,329,33,392,64
doc/fish-bike.jpg,277,69,308,84
doc/fish-bike.jpg,65,205,128,236
doc/fish-bike.jpg,145,249,176,264
doc/fish-bike.jpg,245,247,276,262
doc/fish-bike.jpg,233,1,296,32
doc/fish-bike.jpg,221,267,252,282
doc/fish-bike.jpg,159,221,174,252
doc/fish-bike.jpg,241,119,272,134
doc/fish-bike.jpg,217,145,248,160
doc/fish-bike.jpg,189,141,204,172
doc/fish-bike.jpg,181,177,212,304
doc/fish-bike.jpg,209,293,336,323
doc/fish-bike.jpg,203,137,218,168
doc/fish-bike.jpg,233,259,264,274
doc/fish-bike.jpg,209,253,240,268
doc/fish-bike.jpg,213,277,228,308
doc/fish-bike.jpg,305,291,336,306
doc/fish-bike.jpg,217,99,248,114
doc/fish-bike.jpg,137,273,168,288
doc/fish-bike.jpg,201,127,232,142
doc/fish-bike.jpg,259,245,274,276
doc/fish-bike.jpg,21,81,52,96
doc/fish-bike.jpg,145,241,176,256
doc/fish-bike.jpg,121,159,152,174
doc/fish-bike.jpg,381,163,412,178
doc/fish-bike.jpg,133,251,164,266
doc/fish-bike.jpg,205,121,236,136
doc/fish-bike.jpg,217,101,232,132
doc/fish-bike.jpg,283,9,298,40
doc/fish-bike.jpg,265,77,296,92
doc/fish-bike.jpg,161,147,192,162
doc/fish-bike.jpg,301,65,332,192
doc/fish-bike.jpg,149,151,180,166
doc/fish-bike.jpg,17,153,80,216
doc/fish-bike.jpg,245,45,260,76
doc/fish-bike.jpg,273,49,304,64
doc/fish-bike.jpg,213,139,244,154
doc/fish-bike.jpg,181,145,212,160
doc/fish-bike.jpg,291,25,306,88
doc/fish-bike.jpg,145,29,272,60
doc/fish-bike.jpg,273,131,304,146
doc/fish-bike.jpg,245,27,276,42
doc/fish-bike.jpg,199,253,214,284
doc/fish-bike.jpg,281,201,344,264
doc/fish-bike.jpg,273,27,304,42
doc/fish-bike.jpg,261,147,292,162
doc/fish-bike.jpg,165,285,180,316
doc/fish-bike.jpg,81,9,144,40
doc/fish-bike.jpg,261,123,292,138
doc/fish-bike.jpg,313,265,376,296
doc/fish-bike.jpg,337,169,400,200
doc/fish-bike.jpg,253,39,284,54
doc/fish-bike.jpg,273,61,304,76
doc/fish-bike.jpg,269,255,300,270
doc/fish-bike.jpg,293,97,308,160
doc/fish-bike.jpg,293,27,324,42
doc/fish-bike.jpg,193,273,320,304
doc/fish-bike.jpg,259,105,274,136
doc/fish-bike.jpg,259,29,274,60
doc/fish-bike.jpg,209,115,240,130
doc/fish-bike.jpg,303,121,318,152
doc/fish-bike.jpg,275,85,290,116
doc/fish-bike.jpg,21,1,52,256
doc/fish-bike.jpg,225,257,240,288
doc/fish-bike.jpg,225,77,256,92
doc/fish-bike.jpg,309,297,340,312
doc/fish-bike.jpg,177,259,208,274
doc/fish-bike.jpg,301,159,332,174
doc/fish-bike.jpg,241,51,272,66
doc/fish-bike.jpg,209,109,240,124
doc/fish-bike.jpg,133,245,164,260
doc/fish-bike.jpg,153,225,168,256
doc/fish-bike.jpg,245,105,260,168
doc/fish-bike.jpg,233,67,264,82
doc/fish-bike.jpg,185,267,216,282
doc/fish-bike.jpg,305,165,432,196
doc/fish-bike.jpg,49,161,176,192
doc/fish-bike.jpg,249,33,264,96
doc/fish-bike.jpg,65,209,192,240
doc/fish-bike.jpg,217,129,232,192
doc/fish-bike.jpg,189,279,220,294
doc/fish-bike.jpg,381,265,396,296
doc/fish-bike.jpg,277,25,292,56
doc/fish-bike.jpg,221,261,252,276
doc/fish-bike.jpg,279,253,294,284
doc/fish-bike.jpg,261,47,292,62
doc/fish-bike.jpg,293,151,324,166
doc/fish-bike.jpg,241,57,272,72
doc/fish-bike.jpg,81,121,144,184
doc/fish-bike.jpg,161,261,192,276
doc/fish-bike.jpg,249,109,280,124
doc/fish-bike.jpg,277,119,308,134
doc/fish-bike.jpg,249,155,280,170
doc/fish-bike.jpg,181,1,212,256
doc/fish-bike.jpg,265,91,296,106
doc/fish-bike.jpg,391,153,406,216
doc/fish-bike.jpg,191,137,206,200
doc/fish-bike.jpg,221,293,236,323
doc/fish-bike.jpg,245,153,260,184
doc/fish-bike.jpg,281,137,296,168
doc/fish-bike.jpg,113,1,144,64
doc/fish-bike.jpg,313,159,344,174
doc/fish-bike.jpg,143,265,158,296
doc/fish-bike.jpg,417,193,480,224
doc/fish-bike.jpg,233,245,248,276
doc/fish-bike.jpg,305,135,336,150
doc/fish-bike.jpg,37,1,68,64
doc/fish-bike.jpg,277,101,308,116
doc/fish-bike.jpg,221,93,252,108
doc/fish-bike.jpg,313,289,328,320
doc/fish-bike.jpg,65,149,192,180
doc/fish-bike.jpg,181,285,212,300
doc/fish-bike.jpg,181,81,212,208
doc/fish-bike.jpg,149,229,180,244
doc/fish-bike.jpg,229,241,260,256
doc/fish-bike.jpg,17,177,80,240
doc/fish-bike.jpg,319,113,334,176
doc/fish-bike.jpg,369,185,432,216
doc/fish-bike.jpg,25,9,88,40
doc/fish-bike.jpg,97,185,352,248
doc/fish-bike.jpg,285,131,316,146
doc/fish-bike.jpg,197,141,228,156
doc/fish-bike.jpg,285,145,316,160
doc/fish-bike.jpg,17,293,80,323
doc/fish-bike.jpg,305,173,368,204
doc/fish-bike.jpg,257,173,320,204
doc/fish-bike.jpg,305,147,336,162
doc/fish-bike.jpg,301,285,316,316
doc/fish-bike.jpg,263,117,278,148
doc/fish-bike.jpg,263,41,278,72
doc/fish-bike.jpg,69,1,100,128
doc/fish-bike.jpg,317,149,348,164
doc/fish-bike.jpg,229,139,260,154
doc/fish-bike.jpg,137,245,152,276
doc/fish-bike.jpg,277,113,308,128
doc/fish-bike.jpg,337,49,464,80
doc/fish-bike.jpg,197,281,212,312
doc/fish-bike.jpg,233,133,264,148
doc/fish-bike.jpg,259,261,274,292
doc/fish-bike.jpg,307,9,322,40
doc/fish-bike.jpg,165,225,180,288
doc/fish-bike.jpg,353,169,480,200
doc/fish-bike.jpg,81,241,208,272
doc/fish-bike.jpg,149,285,164,316
doc/fish-bike.jpg,145,283,176,298
doc/fish-bike.jpg,217,257,232,320
doc/fish-bike.jpg,253,131,284,146
doc/fish-bike.jpg,425,161,456,288
doc/fish-bike.jpg,257,33,288,48
doc/fish-bike.jpg,113,249,144,312
doc/fish-bike.jpg,173,285,188,316
doc/fish-bike.jpg,241,127,272,142
doc/fish-bike.jpg,213,293,228,323
doc/fish-bike.jpg,305,1,368,32
doc/fish-bike.jpg,353,41,384,104
doc/fish-bike.jpg,65,273,192,304
doc/fish-bike.jpg,161,149,176,180
doc/fish-bike.jpg,33,141,96,172
doc/fish-bike.jpg,1,269,64,300
doc/fish-bike.jpg,17,193,144,224
doc/fish-bike.jpg,169,173,232,204
doc/fish-bike.jpg,169,145,184,176
doc/fish-bike.jpg,257,41,272,72
doc/fish-bike.jpg,257,105,272,168
doc/fish-bike.jpg,113,217,240,248
doc/fish-bike.jpg,137,273,152,304
doc/fish-bike.jpg,253,161,284,224
doc/fish-bike.jpg,381,169,412,184
doc/fish-bike.jpg,367,289,382,320
doc/fish-bike.jpg,237,149,268,164
doc/fish-bike.jpg,309,29,324,60
doc/fish-bike.jpg,285,137,316,152
doc/fish-bike.jpg,251,241,266,272
doc/fish-bike.jpg,331,133,346,164
doc/fish-bike.jpg,401,169,416,200
doc/fish-bike.jpg,401,33,464,64
doc/fish-bike.jpg,209,259,240,274
doc/fish-bike.jpg,241,143,272,158
doc/fish-bike.jpg,381,153,396,184
doc/fish-bike.jpg,433,1,464,256
doc/fish-bike.jpg,273,153,304,168
doc/fish-bike.jpg,201,193,232,320
doc/fish-bike.jpg,127,157,142,188
doc/fish-bike.jpg,253,253,284,268
doc/fish-bike.jpg,297,153,312,184
doc/fish-bike.jpg,305,121,368,152
doc/fish-bike.jpg,183,285,198,316
doc/fish-bike.jpg,289,107,320,122
doc/fish-bike.jpg,121,285,136,316
doc/fish-bike.jpg,131,289,146,320
doc/fish-bike.jpg,281,55,312,70
doc/fish-bike.jpg,137,289,152,320
doc/fish-bike.jpg,285,253,300,284
doc/fish-bike.jpg,229,137,244,200
doc/fish-bike.jpg,261,117,292,132
doc/fish-bike.jpg,205,237,220,268
doc/fish-bike.jpg,25,113,56,176
doc/fish-bike.jpg,305,153,336,168
doc/fish-bike.jpg,261,61,292,76
doc/fish-bike.jpg,433,169,464,232
doc/fish-bike.jpg,189,259,220,274
doc/fish-bike.jpg,239,33,254,64
doc/fish-bike.jpg,227,65,242,128
doc/fish-bike.jpg,209,237,240,252
doc/fish-bike.jpg,1,249,128,312
doc/fish-bike.jpg,321,193,448,256
doc/fish-bike.jpg,269,107,300,122
doc/fish-bike.jpg,49,1,80,256
doc/fish-bike.jpg,325,257,356,320
doc/fish-bike.jpg,391,145,406,176
doc/fish-bike.jpg,383,169,398,200
doc/fish-bike.jpg,261,153,292,168
doc/fish-bike.jpg,147,241,162,272
doc/fish-bike.jpg,193,253,224,268
doc/fish-bike.jpg,225,241,352,272
doc/fish-bike.jpg,57,221,120,252
doc/fish-bike.jpg,179,137,194,200
doc/fish-bike.jpg,181,17,212,80
doc/fish-bike.jpg,177,233,304,264
doc/fish-bike.jpg,9,229,24,260
doc/fish-bike.jpg,213,247,244,262
doc/fish-bike.jpg,113,157,240,188
doc/fish-bike.jpg,149,209,164,240
doc/fish-bike.jpg,327,157,342,188
doc/fish-bike.jpg,261,53,292,68
doc/fish-bike.jpg,333,149,348,180
doc/fish-bike.jpg,239,121,254,152
doc/fish-bike.jpg,181,253,212,268
doc/fish-bike.jpg,111,285,126,316
doc/fish-bike.jpg,91,285,106,316
doc/fish-bike.jpg,193,243,224,258
doc/fish-bike.jpg,291,153,306,184
doc/fish-bike.jpg,317,1,348,256
doc/fish-bike.jpg,259,225,274,288
doc/fish-bike.jpg,17,177,144,208
doc/fish-bike.jpg,249,45,280,60
doc/fish-bike.jpg,27,73,42,104
doc/fish-bike.jpg,137,205,152,236
doc/fish-bike.jpg,267,89,282,120
doc/fish-bike.jpg,169,137,184,200
doc/fish-bike.jpg,337,293,464,323
doc/fish-bike.jpg,233,61,248,92
doc/fish-bike.jpg,141,1,172,256
doc/fish-bike.jpg,43,281,58,312
doc/fish-bike.jpg,303,105,318,136
doc/fish-bike.jpg,211,105,226,136
doc/fish-bike.jpg,45,81,76,208
doc/fish-bike.jpg,107,161,122,192
doc/fish-bike.jpg,201,135,232,150
doc/fish-bike.jpg,265,249,280,312
doc/fish-bike.jpg,249,25,264,56
doc/fish-bike.jpg,369,157,400,172
doc/fish-bike.jpg,227,293,242,323
doc/fish-bike.jpg,165,229,180,260
doc/fish-bike.jpg,241,105,368,136
doc/fish-bike.jpg,275,113,290,144
doc/fish-bike.jpg,187,265,202,296
doc/fish-bike.jpg,265,101,280,132
doc/fish-bike.jpg,353,137,384,200
doc/fish-bike.jpg,249,293,264,323
doc/fish-bike.jpg,219,137,234,168
doc/fish-bike.jpg,225,137,240,168
doc/fish-bike.jpg,83,281,98,312
doc/fish-bike.jpg,171,233,186,296
doc/fish-bike.jpg,37,281,52,312
doc/fish-bike.jpg,179,145,194,176
doc/fish-bike.jpg,239,89,254,120
doc/fish-bike.jpg,97,285,112,316
doc/fish-bike.jpg,281,81,296,112
doc/fish-bike.jpg,213,137,228,168
doc/fish-bike.jpg,175,253,190,284
doc/fish-bike.jpg,449,33,480,160
doc/fish-bike.jpg,157,1,188,256
doc/fish-bike.jpg,105,285,120,316
doc/fish-bike.jpg,305,33,320,96
doc/fish-bike.jpg,247,125,262,156
doc/fish-bike.jpg,227,217,242,280
doc/fish-bike.jpg,223,97,238,128
doc/fish-bike.jpg,67,281,82,312
doc/fish-bike.jpg,197,265,212,296
doc/fish-bike.jpg,53,281,68,312
doc/fish-bike.jpg,243,25,258,88
doc/fish-bike.jpg,275,241,290,272
doc/fish-bike.jpg,221,121,236,152
doc/fish-bike.jpg,205,1,236,128
doc/fish-bike.jpg,131,257,146,320
doc/fish-bike.jpg,177,17,304,48
doc/fish-bike.jpg,267,151,282,166
doc/fish-bike.jpg,155,261,170,292
doc/fish-bike.jpg,143,213,158,244
doc/fish-bike.jpg,253,151,268,166
doc/fish-bike.jpg,361,293,376,323
doc/fish-bike.jpg,151,149,166,180
doc/fish-bike.jpg,239,249,254,280
doc/fish-bike.jpg,209,233,224,296
doc/fish-bike.jpg,315,17,330,48
doc/fish-bike.jpg,263,25,278,88
doc/fish-bike.jpg,257,233,272,264
doc/fish-bike.jpg,235,293,250,323
doc/fish-bike.jpg,417,161,480,224
doc/fish-bike.jpg,251,229,266,260
doc/fish-bike.jpg,305,141,336,156
doc/fish-bike.jpg,249,149,280,164
doc/fish-bike.jpg,257,143,272,158
doc/fish-bike.jpg,69,113,100,240
doc/fish-bike.jpg,257,73,384,104
doc/fish-bike.jpg,429,49,460,112
doc/fish-bike.jpg,25,1,56,64
doc/fish-bike.jpg,249,133,264,148
doc/fish-bike.jpg,297,137,312,152
doc/fish-bike.jpg,185,259,248,274
doc/fish-bike.jpg,321,157,336,172
doc/fish-bike.jpg,233,51,296,66
doc/fish-bike.jpg,1,177,256,240
doc/fish-bike.jpg,329,147,344,162
doc/fish-bike.jpg,391,163,406,178
doc/fish-bike.jpg,387,157,402,172
doc/fish-bike.jpg,177,253,240,268
doc/fish-bike.jpg,113,193,240,224
doc/fish-bike.jpg,137,257,152,320
doc/fish-bike.jpg,281,145,344,160
doc/fish-bike.jpg,271,49,286,64
doc/fish-bike.jpg,233,149,296,164
doc/fish-bike.jpg,125,137,156,200
doc/fish-bike.jpg,261,153,276,168
doc/fish-bike.jpg,257,153,320,168
doc/fish-bike.jpg,161,259,224,274
doc/fish-bike.jpg,257,57,384,88
doc/fish-bike.jpg,273,9,400,40
doc/fish-bike.jpg,227,259,242,274
doc/fish-bike.jpg,299,129,314,144
doc/fish-bike.jpg,309,137,324,152
doc/fish-bike.jpg,273,153,288,168
doc/fish-bike.jpg,195,253,210,268
doc/fish-bike.jpg,257,143,320,158
doc/fish-bike.jpg,281,155,344,170
doc/fish-bike.jpg,311,105,326,168
doc/fish-bike.jpg,193,139,256,154
doc/fish-bike.jpg,195,259,210,274
doc/fish-bike.jpg,223,241,238,256
doc/fish-bike.jpg,37,177,68,304
doc/fish-bike.jpg,329,1,360,256
doc/fish-bike.jpg,69,1,100,256
doc/fish-bike.jpg,257,121,320,136
doc/fish-bike.jpg,255,25,270,88
doc/fish-bike.jpg,225,253,288,268
doc/fish-bike.jpg,249,131,312,146
doc/fish-bike.jpg,205,253,220,268
doc/fish-bike.jpg,153,241,216,256
doc/fish-bike.jpg,177,1,208,128
doc/fish-bike.jpg,201,117,264,132
doc/fish-bike.jpg,257,31,320,46
doc/fish-bike.jpg,281,69,296,84
doc/fish-bike.jpg,281,59,296,74
doc/fish-bike.jpg,265,45,280,60
doc/fish-bike.jpg,261,249,276,264
doc/fish-bike.jpg,241,45,304,60
doc/fish-bike.jpg,311,1,326,64
doc/fish-bike.jpg,257,129,272,144
doc/fish-bike.jpg,395,169,410,184
doc/fish-bike.jpg,77,129,108,192
doc/fish-bike.jpg,225,71,288,86
doc/fish-bike.jpg,201,233,216,296
doc/fish-bike.jpg,9,193,40,320
doc/fish-bike.jpg,137,261,200,276
doc/fish-bike.jpg,251,43,266,58
doc/fish-bike.jpg,283,249,298,312
doc/fish-bike.jpg,233,29,296,44
doc/fish-bike.jpg,129,229,192,244
doc/fish-bike.jpg,273,11,336,26
doc/fish-bike.jpg,247,149,262,164
doc/fish-bike.jpg,145,285,208,300
doc/fish-bike.jpg,321,149,384,164
doc/fish-bike.jpg,275,57,290,72
doc/fish-bike.jpg,233,57,296,72
doc/fish-bike.jpg,153,145,216,160
doc/fish-bike.jpg,305,303,368,318
doc/fish-bike.jpg,275,257,290,272
doc/fish-bike.jpg,215,237,230,252
doc/fish-bike.jpg,273,111,288,126
doc/fish-bike.jpg,385,193,416,320
doc/fish-bike.jpg,209,245,272,260
doc/fish-bike.jpg,233,79,296,94
doc/fish-bike.jpg,265,305,328,320
doc/fish-bike.jpg,249,137,312,152
doc/fish-bike.jpg,113,205,240,236
doc/fish-bike.jpg,209,103,272,118
doc/fish-bike.jpg,315,157,330,172
doc/fish-bike.jpg,249,111,312,126
doc/fish-bike.jpg,233,209,264,272
doc/fish-bike.jpg,137,279,200,294
doc/fish-bike.jpg,217,141,280,156
doc/fish-bike.jpg,153,247,216,262
doc/fish-bike.jpg,309,151,324,166
doc/fish-bike.jpg,257,49,272,112
doc/fish-bike.jpg,157,185,188,248
doc/fish-bike.jpg,245,153,260,216
doc/fish-bike.jpg,297,45,360,60
doc/fish-bike.jpg,129,235,192,250
doc/fish-bike.jpg,217,85,280,100
doc/fish-bike.jpg,113,281,176,296
doc/fish-bike.jpg,223,129,238,192
doc/fish-bike.jpg,353,157,416,172
doc/fish-bike.jpg,217,263,280,278
doc/fish-bike.jpg,383,169,398,184
doc/fish-bike.jpg,121,241,184,256
doc/fish-bike.jpg,273,113,336,128
doc/fish-bike.jpg,353,157,480,188
doc/fish-bike.jpg,249,233,264,296
doc/fish-bike.jpg,353,181,480,212
doc/fish-bike.jpg,193,239,256,254
doc/fish-bike.jpg,265,107,280,122
doc/fish-bike.jpg,205,135,220,150
doc/fish-bike.jpg,233,117,296,132
doc/fish-bike.jpg,281,139,344,154
doc/fish-bike.jpg,249,263,312,278
doc/fish-bike.jpg,273,25,336,40
doc/fish-bike.jpg,201,133,264,148
doc/fish-bike.jpg,251,139,266,154
doc/fish-bike.jpg,201,297,264,312
doc/fish-bike.jpg,281,299,344,314
doc/fish-bike.jpg,9,283,72,298
doc/fish-bike.jpg,301,145,316,160
doc/fish-bike.jpg,305,295,368,310
doc/fish-bike.jpg,265,47,328,62
doc/fish-bike.jpg,241,301,304,316
doc/fish-bike.jpg,185,245,248,260
doc/fish-bike.jpg,275,63,290,78
doc/fish-bike.jpg,169,235,232,250
doc/fish-bike.jpg,229,239,244,254
doc/fish-bike.jpg,257,53,320,68
doc/fish-bike.jpg,241,37,304,52
doc/fish-bike.jpg,187,253,202,268
doc/fish-bike.jpg,225,265,240,280
doc/fish-bike.jpg,177,263,192,278
doc/fish-bike.jpg,265,37,328,52
doc/fish-bike.jpg,277,91,292,106
doc/fish-bike.jpg,379,155,394,170
doc/fish-bike.jpg,161,265,224,280
doc/fish-bike.jpg,225,133,288,148
doc/fish-bike.jpg,113,133,240,164
doc/fish-bike.jpg,265,145,280,160
doc/fish-bike.jpg,319,141,334,156
doc/fish-bike.jpg,273,281,400,312
doc/fish-bike.jpg,233,155,296,170
doc/fish-bike.jpg,201,127,264,142
doc/fish-bike.jpg,273,17,336,32
doc/fish-bike.jpg,293,129,308,144
doc/fish-bike.jpg,257,105,320,120
doc/fish-bike.jpg,209,147,272,162
doc/fish-bike.jpg,169,237,184,252
doc/fish-bike.jpg,273,129,336,144
doc/fish-bike.jpg,197,247,212,262
doc/fish-bike.jpg,225,65,288,80
doc/fish-bike.jpg,209,29,272,44
doc/fish-bike.jpg,137,217,200,232
doc/fish-bike.jpg,201,111,264,126
doc/fish-bike.jpg,177,25,240,40
doc/fish-bike.jpg,201,253,264,268
doc/fish-bike.jpg,405,145,436,272
doc/fish-bike.jpg,321,149,336,164
doc/fish-bike.jpg,169,287,232,302
doc/fish-bike.jpg,153,25,216,40
doc/fish-bike.jpg,361,169,424,184
doc/fish-bike.jpg,121,253,184,268
doc/fish-bike.jpg,233,19,296,34
doc/fish-bike.jpg,243,141,258,156
doc/fish-bike.jpg,123,159,138,174
doc/fish-bike.jpg,193,265,256,280
doc/fish-bike.jpg,57,285,120,300
doc/fish-bike.jpg,249,99,312,114
doc/fish-bike.jpg,297,39,360,54
doc/fish-bike.jpg,293,101,308,116
doc/fish-bike.jpg,153,253,216,268
doc/fish-bike.jpg,241,85,304,100
doc/fish-bike.jpg,233,123,296,138
doc/fish-bike.jpg,205,239,220,254
doc/fish-bike.jpg,245,157,260,172
doc/fish-bike.jpg,161,279,224,294
doc/fish-bike.jpg,105,289,168,304
doc/fish-bike.jpg,201,157,264,172
doc/fish-bike.jpg,207,287,222,302
doc/fish-bike.jpg,249,257,312,272
doc/fish-bike.jpg,89,193,120,256
doc/fish-bike.jpg,121,247,184,262
doc/fish-bike.jpg,289,267,352,282
doc/fish-bike.jpg,137,153,200,168
doc/fish-bike.jpg,177,295,240,310
doc/fish-bike.jpg,217,91,280,106
doc/fish-bike.jpg,281,53,296,68
doc/fish-bike.jpg,9,1,40,256
doc/fish-bike.jpg,33,293,96,308
doc/fish-bike.jpg,137,223,200,238
doc/fish-bike.jpg,345,225,408,288
doc/fish-bike.jpg,257,135,272,150
doc/fish-bike.jpg,329,295,392,310
doc/fish-bike.jpg,289,161,352,176
doc/fish-bike.jpg,217,45,280,60
doc/fish-bike.jpg,81,287,144,302
doc/fish-bike.jpg,81,299,144,314
doc/fish-bike.jpg,299,123,314,138
doc/fish-bike.jpg,259,37,274,52
doc/fish-bike.jpg,225,111,288,126
doc/fish-bike.jpg,201,35,264,50
doc/fish-bike.jpg,163,137,178,200
doc/fish-bike.jpg,175,233,190,248
doc/fish-bike.jpg,193,277,256,292
doc/fish-bike.jpg,377,161,440,176
doc/fish-bike.jpg,185,145,248,160
doc/fish-bike.jpg,241,91,304,106
doc/fish-bike.jpg,163,243,178,258
doc/fish-bike.jpg,161,227,224,242
doc/fish-bike.jpg,289,123,352,138
doc/fish-bike.jpg,147,275,162,290
doc/fish-bike.jpg,89,205,152,220
doc/fish-bike.jpg,209,97,272,112
doc/fish-bike.jpg,313,155,376,170
doc/fish-bike.jpg,303,155,318,170
doc/fish-bike.jpg,203,263,218,278
doc/fish-bike.jpg,171,261,186,276
doc/fish-bike.jpg,313,135,376,150
doc/fish-bike.jpg,33,285,96,300
doc/fish-bike.jpg,105,159,168,174
doc/fish-bike.jpg,27,75,42,90
doc/fish-bike.jpg,329,301,392,316
doc/fish-bike.jpg,273,293,336,308
doc/fish-bike.jpg,25,103,88,118
doc/fish-bike.jpg,445,1,476,256
doc/fish-bike.jpg,145,273,208,288
doc/fish-bike.jpg,197,143,212,158
doc/fish-bike.jpg,279,79,294,94
doc/fish-bike.jpg,249,251,312,266
doc/fish-bike.jpg,169,139,232,154
doc/fish-bike.jpg,227,139,242,154
doc/fish-bike.jpg,249,49,264,64
doc/fish-bike.jpg,393,177,456,192
doc/fish-bike.jpg,281,261,296,276
doc/fish-bike.jpg,97,17,224,48
doc/fish-bike.jpg,287,153,302,168
doc/fish-bike.jpg,353,163,416,178
doc/fish-bike.jpg,211,115,226,130
doc/fish-bike.jpg,265,239,328,254
doc/fish-bike.jpg,305,273,368,288
doc/fish-bike.jpg,105,267,168,282
doc/fish-bike.jpg,161,205,224,220
doc/fish-bike.jpg,289,135,304,150
doc/fish-bike.jpg,283,93,298,108
doc/fish-bike.jpg,81,161,144,176
doc/fish-bike.jpg,409,153,440,216
doc/fish-bike.jpg,345,267,408,282
doc/fish-bike.jpg,49,173,112,188
doc/fish-bike.jpg,225,249,240,264
doc/fish-bike.jpg,129,303,192,318
doc/fish-bike.jpg,33,127,96,142
doc/fish-bike.jpg,33,121,96,136
doc/fish-bike.jpg,265,119,280,134
doc/fish-bike.jpg,169,307,232,322
doc/fish-bike.jpg,209,271,224,286
doc/fish-bike.jpg,289,279,352,294
doc/fish-bike.jpg,279,153,294,168
doc/fish-bike.jpg,377,153,440,168
doc/fish-bike.jpg,249,67,312,82
doc/fish-bike.jpg,221,137,236,152
doc/fish-bike.jpg,129,267,192,282
doc/fish-bike.jpg,9,291,72,306
doc/fish-bike.jpg,193,165,256,180
doc/fish-bike.jpg,201,309,264,323
doc/fish-bike.jpg,145,109,272,140
doc/fish-bike.jpg,105,301,168,316
doc/fish-bike.jpg,113,203,176,218
doc/fish-bike.jpg,291,55,306,70
doc/fish-bike.jpg,217,269,280,284
doc/fish-bike.jpg,275,73,290,88
doc/fish-bike.jpg,201,71,264,86
doc/fish-bike.jpg,269,33,284,48
doc/fish-bike.jpg,273,85,336,100
doc/fish-bike.jpg,321,141,384,156
doc/fish-bike.jpg,215,109,230,124
doc/fish-bike.jpg,269,255,284,270
doc/fish-bike.jpg,233,161,296,176
doc/fish-bike.jpg,143,285,158,300
doc/fish-bike.jpg,401,171,464,186
doc/fish-bike.jpg,361,177,424,192
doc/fish-bike.jpg,265,53,280,68
doc/fish-bike.jpg,281,107,344,122
doc/fish-bike.jpg,321,309,384,323
doc/fish-bike.jpg,233,105,296,120
doc/fish-bike.jpg,193,283,256,298
doc/fish-bike.jpg,49,229,176,260
doc/fish-bike.jpg,189,259,204,274
doc/fish-bike.jpg,285,107,300,122
doc/fish-bike.jpg,353,307,416,322
doc/fish-bike.jpg,73,23,136,38
doc/fish-bike.jpg,137,211,200,226
doc/fish-bike.jpg,57,297,120,312
doc/fish-bike.jpg,273,79,336,94
doc/fish-bike.jpg,353,297,416,312
doc/fish-bike.jpg,17,145,144,176
doc/fish-bike.jpg,321,47,384,62
doc/fish-bike.jpg,401,49,464,64
doc/fish-bike.jpg,145,183,208,198
doc/fish-bike.jpg,253,37,268,52
doc/fish-bike.jpg,137,203,200,218
doc/fish-bike.jpg,33,183,96,198
doc/fish-bike.jpg,129,77,256,108
doc/fish-bike.jpg,361,45,424,60
doc/fish-bike.jpg,193,289,256,304
doc/fish-bike.jpg,273,287,336,302
doc/fish-bike.jpg,369,53,432,68
doc/fish-bike.jpg,241,133,256,148
doc/fish-bike.jpg,143,269,158,284
doc/fish-bike.jpg,157,161,188,224
doc/fish-bike.jpg,217,239,280,254
doc/fish-bike.jpg,153,159,216,174
doc/fish-bike.jpg,293,123,308,138
doc/fish-bike.jpg,257,159,320,174
doc/fish-bike.jpg,177,31,240,46
doc/fish-bike.jpg,321,41,384,56
doc/fish-bike.jpg,273,67,336,82
doc/fish-bike.jpg,161,221,224,236
doc/fish-bike.jpg,289,51,352,66
doc/fish-bike.jpg,273,99,336,114
doc/fish-bike.jpg,321,297,336,312
doc/fish-bike.jpg,257,43,272,58
doc/fish-bike.jpg,241,59,256,74
doc/fish-bike.jpg,195,137,210,152
doc/fish-bike.jpg,283,255,298,270
doc/fish-bike.jpg,159,249,174,264
doc/fish-bike.jpg,307,299,322,314
doc/fish-bike.jpg,155,281,170,296
doc/fish-bike.jpg,325,141,340,156
doc/fish-bike.jpg,147,219,162,234
doc/fish-bike.jpg,315,149,330,164
doc/fish-bike.jpg,167,147,182,162
doc/fish-bike.jpg,139,263,154,278
doc/fish-bike.jpg,213,263,228,278
doc/fish-bike.jpg,143,225,158,240
doc/fish-bike.jpg,33,197,48,212
doc/fish-bike.jpg,177,257,192,272
doc/fish-bike.jpg,289,129,416,160
doc/fish-bike.jpg,341,1,372,256
doc/fish-bike.jpg,215,137,230,152
doc/fish-bike.jpg,311,305,326,320
doc/fish-bike.jpg,299,105,314,120
doc/fish-bike.jpg,399,179,414,194
doc/fish-bike.jpg,129,193,160,320
doc/fish-bike.jpg,295,155,310,170
doc/fish-bike.jpg,147,145,162,208
doc/fish-bike.jpg,277,85,292,100
doc/fish-bike.jpg,215,253,230,268
doc/fish-bike.jpg,161,149,176,164
doc/fish-bike.jpg,255,123,270,138
doc/fish-bike.jpg,51,181,66,196
doc/fish-bike.jpg,251,159,266,174
doc/fish-bike.jpg,263,129,278,144
doc/fish-bike.jpg,255,249,270,312
doc/fish-bike.jpg,193,285,208,300
doc/fish-bike.jpg,117,161,132,176
doc/fish-bike.jpg,289,95,304,110
doc/fish-bike.jpg,283,99,298,114
doc/fish-bike.jpg,131,161,146,176
doc/fish-bike.jpg,241,147,256,162
doc/fish-bike.jpg,113,169,240,200
doc/fish-bike.jpg,217,243,232,258
doc/fish-bike.jpg,303,265,318,280
doc/fish-bike.jpg,311,287,326,302
doc/fish-bike.jpg,153,153,168,168
doc/fish-bike.jpg,257,89,384,120
doc/fish-bike.jpg,329,153,344,168
doc/fish-bike.jpg,207,125,222,140
doc/fish-bike.jpg,309,159,324,174
doc/fish-bike.jpg,205,277,220,292
doc/fish-bike.jpg,205,245,220,260
doc/fish-bike.jpg,195,23,210,38
doc/fish-bike.jpg,307,27,322,42
doc/fish-bike.jpg,243,37,258,52
doc/fish-bike.jpg,247,127,262,142
doc/fish-bike.jpg,305,277,320,292
doc/fish-bike.jpg,97,181,224,212
doc/fish-bike.jpg,59,169,74,184
doc/fish-bike.jpg,263,29,278,44
doc/fish-bike.jpg,273,105,288,120
doc/fish-bike.jpg,315,31,330,46
doc/fish-bike.jpg,223,97,238,112
doc/fish-bike.jpg,247,261,262,276
doc/fish-bike.jpg,267,157,282,172
doc/fish-bike.jpg,201,291,216,306
doc/fish-bike.jpg,109,161,124,176
doc/fish-bike.jpg,191,145,206,160
doc/fish-bike.jpg,199,279,214,294
doc/fish-bike.jpg,139,215,154,230
doc/fish-bike.jpg,139,233,154,248
doc/fish-bike.jpg,303,235,318,250
doc/fish-bike.jpg,285,83,300,98
doc/fish-bike.jpg,233,73,248,88
doc/fish-bike.jpg,297,305,312,320
doc/fish-bike.jpg,225,91,240,106
doc/fish-bike.jpg,329,161,344,176
doc/fish-bike.jpg,149,243,164,258
doc/fish-bike.jpg,235,257,250,272
doc/fish-bike.jpg,203,141,218,156
doc/fish-bike.jpg,155,225,170,240
doc/fish-bike.jpg,257,165,384,196
doc/fish-bike.jpg,281,47,296,62
doc/fish-bike.jpg,305,129,320,144
doc/fish-bike.jpg,143,155,158,170
doc/fish-bike.jpg,283,11,298,26
doc/fish-bike.jpg,317,305,332,320
doc/fish-bike.jpg,393,45,408,60
doc/fish-bike.jpg,163,285,178,300
doc/fish-bike.jpg,235,67,250,82
doc/fish-bike.jpg,41,187,56,202
doc/fish-bike.jpg,233,139,248,154
doc/fish-bike.jpg,293,107,308,122
doc/fish-bike.jpg,253,245,268,260
doc/fish-bike.jpg,309,111,324,126
doc/fish-bike.jpg,113,121,240,152
doc/fish-bike.jpg,89,1,120,256
doc/fish-bike.jpg,17,9,144,40
doc/fish-bike.jpg,313,225,344,288
doc/fish-bike.jpg,189,201,220,264
doc/fish-bike.jpg,233,241,248,304
doc/fish-bike.jpg,211,145,226,208
doc/fish-bike.jpg,153,145,168,208
doc/fish-bike.jpg,275,49,290,176
doc/fish-bike.jpg,49,21,176,52
doc/fish-bike.jpg,153,1,184,128
doc/fish-bike.jpg,205,137,220,200
doc/fish-bike.jpg,281,49,296,176
doc/fish-bike.jpg,185,137,200,200
doc/fish-bike.jpg,97,1,128,128
doc/fish-bike.jpg,405,17,436,80
doc/fish-bike.jpg,65,253,192,284
doc/fish-bike.jpg,145,93,272,124
doc/fish-bike.jpg,145,53,272,84
doc/fish-bike.jpg,289,49,304,176
doc/fish-bike.jpg,283,1,298,128
doc/fish-bike.jpg,89,9,120,72
doc/fish-bike.jpg,23,73,38,136
doc/fish-bike.jpg,177,173,304,204
doc/fish-bike.jpg,17,269,144,300
doc/fish-bike.jpg,153,201,168,264
doc/fish-bike.jpg,311,153,326,216
doc/fish-bike.jpg,289,21,416,52
doc/fish-bike.jpg,223,81,238,208
doc/fish-bike.jpg,191,217,206,280
doc/fish-bike.jpg,209,1,336,32
doc/fish-bike.jpg,341,137,372,200
doc/fish-bike.jpg,313,25,344,88
doc/fish-bike.jpg,401,161,416,224
doc/fish-bike.jpg,17,241,48,304
doc/fish-bike.jpg,277,137,292,200
doc/fish-bike.jpg,305,177,432,208
doc/fish-bike.jpg,1,237,128,268
doc/fish-bike.jpg,193,221,320,252
doc/fish-bike.jpg,205,113,220,240
doc/fish-bike.jpg,65,197,192,228
doc/fish-bike.jpg,181,217,196,280
doc/fish-bike.jpg,159,209,174,272
doc/fish-bike.jpg,193,197,320,228
doc/fish-bike.jpg,145,65,272,96
doc/fish-bike.jpg,237,97,252,160
doc/fish-bike.jpg,425,33,456,160
doc/fish-bike.jpg,333,33,364,160
doc/fish-bike.jpg,295,33,310,160
doc/fish-bike.jpg,421,161,452,224
doc/fish-bike.jpg,307,257,322,320
doc/fish-bike.jpg,215,97,230,224
doc/fish-bike.jpg,267,81,282,208
doc/fish-bike.jpg,321,261,448,292
doc/fish-bike.jpg,299,97,314,224
doc/fish-bike.jpg,247,73,262,136
doc/fish-bike.jpg,337,33,464,64
doc/fish-bike.jpg,161,209,288,240
doc/fish-bike.jpg,17,105,144,136
doc/fish-bike.jpg,249,9,264,72
doc/fish-bike.jpg,379,257,394,320
doc/fish-bike.jpg,193,185,256,248
doc/fish-bike.jpg,345,145,376,272
doc/fish-bike.jpg,285,97,300,224
doc/fish-bike.jpg,369,41,400,104
doc/fish-bike.jpg,241,229,368,260
doc/fish-bike.jpg,289,1,304,128
doc/fish-bike.jpg,321,141,448,172
doc/fish-bike.jpg,255,97,270,224
doc/fish-bike.jpg,291,97,306,224
doc/fish-bike.jpg,325,225,356,288
doc/fish-bike.jpg,261,49,276,176
doc/fish-bike.jpg,293,49,308,112
doc/fish-bike.jpg,65,133,192,164
doc/fish-bike.jpg,267,81,282,144
doc/fish-bike.jpg,219,145,234,272
doc/fish-bike.jpg,445,49,476,112
doc/fish-bike.jpg,29,137,60,200
doc/fish-bike.jpg,85,257,116,320
doc/fish-bike.jpg,249,129,264,256
doc/fish-bike.jpg,241,49,256,176
doc/fish-bike.jpg,233,65,248,192
doc/fish-bike.jpg,61,105,92,168
doc/fish-bike.jpg,269,33,284,160
doc/fish-bike.jpg,237,41,252,104
doc/fish-bike.jpg,261,113,276,240
doc/fish-bike.jpg,117,129,148,256
doc/fish-bike.jpg,29,241,60,304
doc/fish-bike.jpg,275,225,290,288
doc/fish-bike.jpg,213,209,244,272
doc/fish-bike.jpg,173,185,204,248
doc/fish-bike.jpg,361,193,424,256
doc/fish-bike.jpg,41,137,72,200
doc/fish-bike.jpg,21,113,52,240
doc/fish-bike.jpg,273,97,288,224
doc/fish-bike.jpg,289,89,416,152
doc/fish-bike.jpg,153,17,184,80
doc/fish-bike.jpg,317,97,332,224
doc/fish-bike.jpg,239,145,254,272
doc/fish-bike.jpg,253,33,268,160
doc/fish-bike.jpg,277,1,292,128
doc/fish-bike.jpg,199,129,214,256
doc/fish-bike.jpg,277,225,308,288
doc/fish-bike.jpg,303,33,318,160
doc/fish-bike.jpg,217,185,280,248
doc/fish-bike.jpg,251,105,266,168
doc/fish-bike.jpg,121,161,136,224
doc/fish-bike.jpg,241,249,256,312
doc/fish-bike.jpg,305,97,320,224
doc/fish-bike.jpg,97,5,224,36
doc/fish-bike.jpg,241,1,256,128
doc/fish-bike.jpg,241,97,256,224
doc/fish-bike.jpg,311,25,326,88
doc/fish-bike.jpg,97,29,224,60
doc/fish-bike.jpg,233,17,248,144
doc/fish-bike.jpg,139,177,154,304
doc/fish-bike.jpg,383,145,398,208
doc/fish-bike.jpg,221,233,236,296
doc/fish-bike.jpg,309,1,324,128
doc/fish-bike.jpg,273,249,400,280
doc/fish-bike.jpg,225,161,240,288
doc/fish-bike.jpg,273,213,400,244
doc/fish-bike.jpg,253,153,268,216
doc/fish-bike.jpg,267,145,282,272
doc/fish-bike.jpg,249,81,264,208
doc/fish-bike.jpg,165,1,196,128
doc/fish-bike.jpg,297,145,312,208
doc/fish-bike.jpg,233,145,248,272
doc/fish-bike.jpg,311,129,326,256
doc/fish-bike.jpg,1,93,128,124
doc/fish-bike.jpg,279,97,294,224
doc/fish-bike.jpg,159,129,174,256
doc/fish-bike.jpg,49,97,112,160
doc/fish-bike.jpg,49,1,80,64
doc/fish-bike.jpg,1,125,128,156
doc/fish-bike.jpg,173,129,188,256
doc/fish-bike.jpg,255,145,270,272
doc/fish-bike.jpg,167,129,182,256
doc/fish-bike.jpg,325,113,340,240
doc/fish-bike.jpg,49,129,64,256
doc/fish-bike.jpg,149,177,164,304
doc/fish-bike.jpg,325,33,340,160
doc/fish-bike.jpg,169,177,184,304
doc/fish-bike.jpg,257,1,288,64
doc/fish-bike.jpg,353,193,480,224
doc/fish-bike.jpg,95,129,110,256
doc/fish-bike.jpg,145,41,272,72
doc/fish-bike.jpg,213,145,228,272
doc/fish-bike.jpg,129,153,144,216
doc/fish-bike.jpg,289,117,416,148
doc/fish-bike.jpg,159,177,174,304
doc/fish-bike.jpg,257,193,272,320
doc/fish-bike.jpg,387,145,402,272
doc/fish-bike.jpg,193,129,208,256
doc/fish-bike.jpg,261,1,276,128
doc/fish-bike.jpg,399,145,414,272
doc/fish-bike.jpg,315,17,330,144
doc/fish-bike.jpg,127,1,142,128
doc/fish-bike.jpg,381,145,396,272
doc/fish-bike.jpg,37,113,52,240
doc/fish-bike.jpg,1,161,128,192
doc/fish-bike.jpg,185,145,200,272
doc/fish-bike.jpg,257,185,384,216
doc/fish-bike.jpg,193,185,320,216
doc/fish-bike.jpg,113,137,144,200
doc/fish-bike.jpg,151,129,166,256
doc/fish-bike.jpg,247,177,262,304
doc/fish-bike.jpg,145,129,160,256
doc/fish-bike.jpg,195,1,210,128
doc/fish-bike.jpg,305,233,320,296
doc/fish-bike.jpg,247,33,262,160
doc/fish-bike.jpg,53,161,84,224
doc/fish-bike.jpg,393,145,408,272
doc/fish-bike.jpg,133,233,148,296
doc/fish-bike.jpg,337,281,464,312
doc/fish-bike.jpg,217,153,232,216
doc/fish-bike.jpg,139,145,154,208
doc/fish-bike.jpg,277,145,292,272
doc/fish-bike.jpg,283,153,298,216
doc/fish-bike.jpg,175,193,190,320
doc/fish-bike.jpg,305,193,368,256
doc/fish-bike.jpg,179,129,194,256
doc/fish-bike.jpg,49,81,64,208
doc/fish-bike.jpg,115,145,130,272
doc/fish-bike.jpg,137,1,152,128
doc/fish-bike.jpg,241,193,256,320
doc/fish-bike.jpg,49,1,64,128
doc/fish-bike.jpg,221,17,236,144
doc/fish-bike.jpg,389,129,420,192
doc/fish-bike.jpg,467,33,481,160
doc/fish-bike.jpg,13,193,28,320
